﻿Category,Term,Meaning
Engineering,"ADR ",Architecture Decision Record
Company,APM,"The Annual Planning Meeting is an annual meeting where we present next year's plans to Match Group. Shortly after, we share back the same presentation to the team. We also advocate for additional hires during this time."
Marketing,attribuition,"Attribution refers to our ability to accredit a new registration to a specific marketing touchpoint (or multiple touchpoints). Without attribution, marketing has no way of knowing whether or not a particular effort is converting people into users."
Company,audit,"Audit is a word we use fairly often when we feel that a process needs a re-examination. For example, I want to audit our onboarding process for issues and make it better. I want to audit our use of Slack to see if we’re using it the best we could."
Product,auth,"Authentication, which means the user linked their Facebook and/or phone number"
Engineering,AWS,"Amazon Web Services. Our entire infrastructure lives in AWS. We are, as they say, an AWS shop. AWS provides us with databases, servers and countless tools to be able to serve our users securely."
Engineering,AWS,Amazon Web Services
Community,bad actors,Any user who violates Hinge's terms of service
Community,blacklist,Permanent ban from using Hinge
Marketing,brand,Marketing that tells our story and/or builds an emotional connection. It has a long tail and typically converts over time.
"Engineering, Product",Braze,"CRM (Customer Relationship Management) tool. Tool used to stay in touch with users through emails and push notifications. For example, the tool can be set up to send users email/push when they are liked by another user in the app. It can also trigger an email or push for any action (or combination of actions) in the app."
Engineering,Braze,Used for targeted messaging including emails & promotional push notifications
Product,chat,Message thread conversation between two matches
Product,churn,Losing users
"Engineering, Product",Cloudinary,CDN (Content Delivery Network). This is a place where all of our users photos and videos live.
Engineering,Confluent,"simplifies connecting data sources to Kafka, building streaming applications, as well as securing, monitoring, and managing your Kafka infrastructure."
Marketing,CPC,Cost Per Click (CPC) measures how much it costs to get someone to click on an ad. CPC = cost/clicks
Marketing,CPE,"Cost Per Engagement (CPE) measures how much it costs to get someone to interact with our content. CPE = Total Cost / Total Likes, Comments & Shares"
Marketing,CPM,Cost Per Thousand (CPM) measures how much it costs to get our ads seen 1000 times. CPM = cost/impressions x 1000
Marketing,CPR,"Cost Per Registration (CPR) measures how much it costs to get someone to register on the app. CPR = Total Cost / Total Attributed Registrations When CPR is tracked, but not optimized for, it is referred to as eCPR."
Company,CX,Customer Experience
Metrics,DAU,Daily Active Users
Engineering,DDL,"Data definition language; used to Specify the database schema database structure. Commands: CREATE, ALTER, DROP, TRUNCATE AND COMMENT and RENAME, etc."
Engineering,dev,Development environment which is not accessible by our users and is utilized by engineers to develop and test new products and features before we release them to prod. Think about it as a playground to build things in before we set them free to the world.
Marketing,direct response (DR),Marketing with a call-to-action (CTA) that links directly to the app store. It either converts immediately or not at all.
Product,discovery,Recommendations of new people (1st tab at the bottom of app)
Engineering,DML,"Data manipulation language; used to access, modify or retrieve the data from the database. Commands: SELECT, INSERT, UPDATE, DELETE, MERGE, CALL, etc."
Company,DTBD,Designed to be deleted - our tagline.
Company,EBITDA,"Profit! Stands for earnings before interest, taxes, depreciation, and amortization"
Company,EES,Employee Engagement Survey. How we measure engagement at Hinge. 50+ questions. Pulses are 11 questions. Also includes Inclusion section and demographics. Run through a software called CultureAmp. You don’t have to take it until 3 months after your start date.
Engineering,EKS," Elastic Kubernetes Service; managed container service to run and scale Kubernetes applications in the cloud or on-premises."
Engineering,ElasticSearch,auxiliary tool used for searching and indexing
Engineering,EM,Engineering Manager
Marketing,engagement,Measures how many interactions a social post gets. Engagement = Total Likes + Comments + Shares
Company,EOD,End of day
Company,EOY,End of year
Engineering,EPC,Engineering Platforms Core
Marketing,exposure,Measures how many people saw news that talked about Hinge.
Product,full convo,A chat with messages from both the initiator and receiver
Company,FWIW,For what it’s worth
Product,Gale-Shapley,"In mathematics, economics, and computer science, the Gale–Shapley algorithm (also known as the deferred acceptance algorithm) is an algorithm for finding a solution to the stable matching problem, named for David Gale and Lloyd Shapley. Also known as the stable marriage problem. At Hinge, this is an algorithm that drives the recommender - it's whoever you are most likely to like, and who is most likely to like you."
Company,GDPU,Great Dates Per User
Product,good dates,A good date is when the user went on a date and said it was good - via the We Met Survey. About 75% of dates are good dates. The full formula is: (total number exchanged) * (60%) * (75%). 60% is the percent of number exchanges that usually result in a date
Engineering,"Grafana ","tool for visualizing metrics; allows you to query, visualize, alert on, and understand your metrics"
Company,HAS,Hinge Affinity Score. The % of people who prefer Hinge to other apps or only use Hinge.
"Marketing, Product",Hinge Labs,Hinge’s internal research division that looks into how people find love in our modern world - fueling product features and content that helps our users find their person and delete our app faster. http://hingelabs.co/
Company,IIRC,If I recall correctly
Marketing,impressions,Measure of how many times the content was seen. There can me multiple impressions for each user we reach.
Product,incoming likes,People who have sent likes but they have not been accepted
Marketing,influencer,"A social media user who has established credibility in their industry. Influencers have large audiences on their social channels and are regularly used in marketing campaigns because their followers feel personally connected to them, and therefore are more likely to be persuaded into using the products that the influencer uses."
Engineering,"Istio ","Service mesh; assists with communication between services, e.g. authentication"
Engineering,"Kafka ",event streaming platform
"Engineering, Marketing",Kochava,Marketing attribution tool. Kochava tells us what marketing campaign (if any) brought a user to Hinge.
Engineering,Kubernetes,open-source software for deploying and managing microservice containers at scale
Engineering,Looker,"Another analytics tool similar to Mixpanel, but for more in-depth data analysis and geared toward power users that want to explore data in complex ways. For example, Looker can be used for answering behavioral questions such as: how does mentioning a phrase “I love dogs” in a prompt improve one's likeability?"
Community,macros,Prewritten responses to common customer service questions
Product,match,The point at which someone has accepted a like and now the users can chat
Metrics,MAU,Monthly Active Users
Marketing,meme,A social media post that pokes fun at a cultural or social idea. Most memes are either captioned photos or are posts mainly consisting of text.
Engineering,Mixpanel,"Simple analytics tool that we use to view metrics on how Hinge applications are used by our users. When you need to find a number of daily or monthly users or see how many users completed on-boarding on a certain date, you go to Mixpanel to find it out."
Community,mod,Content moderator responsible for reviewing bad actors
Tools,Monday,A project planning app used by non-engineering teams.
Tools,Monday.com,"Project management software for non-engineering - largely for the Marketing team, but is also heavily used by the Community team."
Marketing,mScore,Measure of the exposure and tonality of our press mentions. A high mScore indicates a strong reputation.
Company,MYR,"The Mid-Year Review is an annual meeting in the middle of the year where we discuss what we've accomplished in the first half of the year (H1), and our strategy for H2. We also advocate for additional hires during this time."
Tools,Notion,"Where we store long-term process documentation for the company - long-term, an intranet."
Engineering,"Opal ","An access management orchestration platform. Deeply connected with SaaS tools, engineering infrastructure, and productivity tools, Opal enables companies to build scalable access workflows."
Marketing,out of home (OOH),Marketing that reaches people when they are not in their homes. Examples include billboards and subway car takeovers.
Engineering,PCC,"Privacy, Cybersecurity, & Compliance"
Company,ping,"Ping is slang for sending you a message over Slack. i.e., I’ll ping you about that."
Product,PNE,Phone number exchange
Product,potentials,Potentials are people we recommend to you in Discover (different from people you match with)
Engineering,prod,"Production environment. Live Hinge infrastructure that any change made (or ""released to prod"", as we say) will be visible to our users. When we release a new version of the Hinge application, we say we release the app to prod."
Engineering,Prometheus," tool to gather metrics often used in conjunction with Grafana for visualization"
Product,push,A notification that shows up on your phone as a banner - usually opens up into the app
Engineering,QA,Quality assurance. The team and process responsible for testing our applications for quality in order to ensure we release the best possible bug-free product to our users
Marketing,qScore,"A weighted measure of a new user’s contribution to the community.
It is a weighted score of their motivation (profile completion), success (matches and convos), loyalty (D7 retention), spend (subscriptions), and abuse (reports) during their first week on Hinge. We turn off channels or create assets that don’t have a healthy qScore."
Company,quack,"""I'm onboard!"" or ""I'm in!"" "
Community,queue,Prioritized inbox of emails from users
,R,
Engineering,RBAC,"Role-Based Access Control, e.g. who should have access to what based on their job"
Engineering,Redshift,This is our data warehouse. Final resting place for all the data that we collect.
Company,regs,Someone who downloads Hinge and registers
Company,retention,Retention measures whether people who join the app stick around. Day Seven Retention (D7) refers to whether or not a new user starts a session on their seventh day. We measure this to ensure we’re bringing in users that stick around.
Company,retro,"Retrospection. Something we do after every project to ask ourselves:
- What happened?
- What went well?
- What could have gone better?
- What key learnings should we take with us?"
Company,revenue,The amount of money users spend on subscriptions or one-time purchases on Hinge
Marketing,ROUS,Rest of the US. Currently our biggest opportunity in the market.
Company,RPU,Revenue Per User
Engineering,"Segment ",Segment is our data aggregation tool. It is used to revive all the data events from multiple sources and send them to multiple destinations like our warehouse and marketing analytics tools.
"Engineering, Product",Sendbird,"Our chat platform handling all the chats between users while making sure that all the messages are sent and received on time, in the right order."
Community,"Shield
",Internal tool for content moderation
Tools,Shortcut,Project management software for engineering.
Tools,Shortcut,A tool used to track and plan engineering work
Engineering,SRE,Site Reliability Engineering
Engineering,SST,Support and Safety Tooling
Company,subs,Someone who subscribes to the paid version of Hinge
Community,suspended,
Company,sync,"Sync is a word we use for getting aligned around something. You might hear a hiring sync, or syncing around a project."
Company,T&S or TNS,Trust and Saftey
Marketing,tonality,Measures the average sentiment of news that talked about Hinge.
Community,Toolbox,Internal tool for user look up - used for responding to CX tickets
Company,TOS,Terms of Service
Engineering,"Vault ",used for secure password management
Engineering,VPC,Virtual Private Cloud; a service that lets you launch AWS resources in a logically isolated virtual network that you define.
Metrics,WAU,Weekly Active Users
Company,wins,Wins are things we achieved that week that will move us towards our objectives. Every win should stack up to one of our OKRs.
Company,wrap,"Wrap is our bi-weekly all-hands. It consists of new employee introductions, wins, hinge has heart, demos, a town hall, important announcements, and a success story."
Product,your turn,A badge that lets the user know that a message is waiting for them and it's their turn to speak
Company,TK,“Will fill this out later” https://en.wikipedia.org/wiki/To_come_(publishing)